﻿{"name":"Simulator - Leo Karpa","dataColors":["#118DFF","#E43CCE","#00D7A1","#00D1FA","#7B8EBC","#261F81","#E0D4FC","#1E0C32","#3599B8","#DFBFBF","#4AC5BB","#5F6B6D","#FB8281","#F4D25A","#7F898A","#A4DDEE","#FDAB89","#B687AC","#28738A","#A78F8F","#168980","#293537","#BB4A4A","#B59525","#475052","#6A9FB0","#BD7150","#7B4F71","#1B4D5C","#706060","#0F5C55","#1C2325"],"visualStyles":{"*":{"*":{"visualHeader":[{"background":{"solid":{"color":"#1A145B"}},"foreground":{"solid":{"color":"#FFFFFF"}},"border":{"solid":{"color":"#1A145B"}}}],"visualTooltip":[{"titleFontColor":{"solid":{"color":"#FFFFFF"}},"valueFontColor":{"solid":{"color":"#FFFFFF"}}}],"background":[{"transparency":100}]}},"page":{"*":{"background":[{"color":{"solid":{"color":"#FFFFFF"}},"transparency":100}],"outspace":[{"color":{"solid":{"color":"#1F0274"}}}]}}},"textClasses":{"title":{"color":"#CAD2E4","fontFace":"'Segoe UI Bold', wf_segoe-ui_bold, helvetica, arial, sans-serif","fontSize":10},"label":{"color":"#CAD2E4"}},"foregroundNeutralSecondary":"#CAD2E4"}